1950,v8wv28n
1951,kv6zgve
1952,84wemn9
1953,q6weqzd
1954,je6k297
1955,65wgdmp
1956,rmw5456
1957,95wndn4
1958,m267gjw
1959,84wedvw
1960,yvkwrm4
1961,57w2q44
1962,p6wpgm4
1963,7kwrzyq
1964,e76yqed
1965,yvkwe74
1966,p6wr4d2
1990,rmwpy44
1991,kv6pe7w
1992,w4wpmwj
1993,95wgpwg
1994,nv6p465
1995,m26p86y
1996,w4wpmqj
1997,2m88ywq
1998,e769zjq
1999,v8wpzq8
2000,p6wpv55
2001,v8wpzm8
2002,nv6p49p
2003,p6wpv95
2004,rmwpyz9
2005,gjp547k
2006,57wndp8
2007,yvkqr2z
2008,456edw7
2009,7kw5dmz
2010,rmw247n
2011,kv647q2
2012,q6w78m5
2013,gjp54k6
2014,7kw5ddk
2015,q6w788j
2016,p6wmnm4
2017,65w8dej
2018,p6wmn84
2019,kv674kv
2020,v8w7zep
2021,dy8e7nn
2022,zmzengn
2023,456dyz6
2024,rmw4dyj
2025,rmweyjw
2026,456devw
